threshold,accuracy,precision,recall
0.1,0.956140350877193,0.935064935064935,1.0
0.15000000000000002,0.9649122807017544,0.9473684210526315,1.0
0.20000000000000004,0.9824561403508771,0.972972972972973,1.0
0.25000000000000006,0.9824561403508771,0.972972972972973,1.0
0.30000000000000004,0.9824561403508771,0.972972972972973,1.0
0.3500000000000001,0.9824561403508771,0.972972972972973,1.0
0.40000000000000013,0.9824561403508771,0.9861111111111112,0.9861111111111112
0.4500000000000001,0.9824561403508771,0.9861111111111112,0.9861111111111112
0.5000000000000001,0.9824561403508771,0.9861111111111112,0.9861111111111112
0.5500000000000002,0.956140350877193,0.9855072463768116,0.9444444444444444
0.6000000000000002,0.956140350877193,0.9855072463768116,0.9444444444444444
0.6500000000000001,0.9473684210526315,0.9852941176470589,0.9305555555555556
0.7000000000000002,0.9473684210526315,0.9852941176470589,0.9305555555555556
0.7500000000000002,0.9385964912280702,0.9850746268656716,0.9166666666666666
0.8000000000000003,0.9385964912280702,0.9850746268656716,0.9166666666666666
0.8500000000000003,0.9298245614035088,0.9848484848484849,0.9027777777777778
0.9000000000000002,0.8947368421052632,0.9838709677419355,0.8472222222222222
